item_id,title,category,item_type,era,year_hint,materials,condition_score,rarity_score,true_value,prompt_image,image_filename
it_fmmiapdv,Georgian Porcelain Figurine,ceramics,figurine,Georgian,1812,"['porcelain', 'earthenware']",0.65,0.81,120,"flat cartoon illustration, BBC daytime TV graphics style circa early 2000s, clean outlines, soft shading, muted warm colour palette, friendly and readable, no realism, no photorealism, simple shapes, suitable for a 2D game, isolated object, transparent background, no text, no watermark. Subject: a single rare georgian figurine made of porcelain, earthenware. Design: simple readable silhouette, slightly exaggerated features, charming imperfections. Condition: fair condition with visible wear. Framing: centered, no background scene, no props, no people.",assets/items/generated/it_fmmiapdv.png
it_rqbksr3w,Edwardian Brass Mantel Clock,clocks,mantel clock,Edwardian,1908,"['brass', 'glass']",0.77,0.01,100,"flat cartoon illustration, BBC daytime TV graphics style circa early 2000s, clean outlines, soft shading, muted warm colour palette, friendly and readable, no realism, no photorealism, simple shapes, suitable for a 2D game, isolated object, transparent background, no text, no watermark. Subject: a single common edwardian mantel clock made of brass, glass. Design: simple readable silhouette, slightly exaggerated features, charming imperfections. Condition: good condition with minor wear. Framing: centered, no background scene, no props, no people.",assets/items/generated/it_rqbksr3w.png
it_4x0crjmt,Georgian Cloth Cover Map Folio,books,map folio,Georgian,1764,"['cloth cover', 'leather']",0.92,0.19,98,"flat cartoon illustration, BBC daytime TV graphics style circa early 2000s, clean outlines, soft shading, muted warm colour palette, friendly and readable, no realism, no photorealism, simple shapes, suitable for a 2D game, isolated object, transparent background, no text, no watermark. Subject: a single common georgian map folio made of cloth cover, leather. Design: simple readable silhouette, slightly exaggerated features, charming imperfections. Condition: excellent condition. Framing: centered, no background scene, no props, no people.",assets/items/generated/it_4x0crjmt.png
it_69os3ckr,Art Deco Brass Carriage Clock,clocks,carriage clock,Art Deco,1938,"['brass', 'glass']",0.56,0.61,274,"flat cartoon illustration, BBC daytime TV graphics style circa early 2000s, clean outlines, soft shading, muted warm colour palette, friendly and readable, no realism, no photorealism, simple shapes, suitable for a 2D game, isolated object, transparent background, no text, no watermark. Subject: a single uncommon art deco carriage clock made of brass, glass. Design: simple readable silhouette, slightly exaggerated features, charming imperfections. Condition: fair condition with visible wear. Framing: centered, no background scene, no props, no people.",assets/items/generated/it_69os3ckr.png
it_2y8wawsz,Art Deco Ceramic Ornament,decor,ornament,Art Deco,1925,"['ceramic', 'brass']",0.85,0.14,27,"flat cartoon illustration, BBC daytime TV graphics style circa early 2000s, clean outlines, soft shading, muted warm colour palette, friendly and readable, no realism, no photorealism, simple shapes, suitable for a 2D game, isolated object, transparent background, no text, no watermark. Subject: a single common art deco ornament made of ceramic, brass. Design: simple readable silhouette, slightly exaggerated features, charming imperfections. Condition: excellent condition. Framing: centered, no background scene, no props, no people.",assets/items/generated/it_2y8wawsz.png
it_1mmx85pz,Georgian Brass Carriage Clock,clocks,carriage clock,Georgian,1815,"['brass', 'bakelite']",0.9,0.29,188,"flat cartoon illustration, BBC daytime TV graphics style circa early 2000s, clean outlines, soft shading, muted warm colour palette, friendly and readable, no realism, no photorealism, simple shapes, suitable for a 2D game, isolated object, transparent background, no text, no watermark. Subject: a single common georgian carriage clock made of brass, bakelite. Design: simple readable silhouette, slightly exaggerated features, charming imperfections. Condition: excellent condition. Framing: centered, no background scene, no props, no people.",assets/items/generated/it_1mmx85pz.png
it_ntmegvp0,Retro 70s Wood Antique Hammer,tools,antique hammer,Retro 70s,1973,"['wood', 'brass']",0.71,0.39,34,"flat cartoon illustration, BBC daytime TV graphics style circa early 2000s, clean outlines, soft shading, muted warm colour palette, friendly and readable, no realism, no photorealism, simple shapes, suitable for a 2D game, isolated object, transparent background, no text, no watermark. Subject: a single common retro 70s antique hammer made of wood, brass. Design: simple readable silhouette, slightly exaggerated features, charming imperfections. Condition: good condition with minor wear. Framing: centered, no background scene, no props, no people.",assets/items/generated/it_ntmegvp0.png
it_sestn6mj,Edwardian Brass Stool,furniture,stool,Edwardian,1908,"['brass', 'iron']",0.38,0.76,112,"flat cartoon illustration, BBC daytime TV graphics style circa early 2000s, clean outlines, soft shading, muted warm colour palette, friendly and readable, no realism, no photorealism, simple shapes, suitable for a 2D game, isolated object, transparent background, no text, no watermark. Subject: a single rare edwardian stool made of brass, iron. Design: simple readable silhouette, slightly exaggerated features, charming imperfections. Condition: poor condition, noticeable damage and wear. Framing: centered, no background scene, no props, no people.",assets/items/generated/it_sestn6mj.png
it_vdte67e6,Victorian Canvas Landscape Painting,art,landscape painting,Victorian,1878,"['canvas', 'wood frame']",0.72,0.25,178,"flat cartoon illustration, BBC daytime TV graphics style circa early 2000s, clean outlines, soft shading, muted warm colour palette, friendly and readable, no realism, no photorealism, simple shapes, suitable for a 2D game, isolated object, transparent background, no text, no watermark. Subject: a single common victorian landscape painting made of canvas, wood frame. Design: simple readable silhouette, slightly exaggerated features, charming imperfections. Condition: good condition with minor wear. Framing: centered, no background scene, no props, no people.",assets/items/generated/it_vdte67e6.png
it_a2v8mvym,Vintage 80s Brass Small Cabinet Handle Set,furniture,small cabinet handle set,Vintage 80s,1980,"['brass', 'iron']",0.77,0.07,95,"flat cartoon illustration, BBC daytime TV graphics style circa early 2000s, clean outlines, soft shading, muted warm colour palette, friendly and readable, no realism, no photorealism, simple shapes, suitable for a 2D game, isolated object, transparent background, no text, no watermark. Subject: a single common vintage 80s small cabinet handle set made of brass, iron. Design: simple readable silhouette, slightly exaggerated features, charming imperfections. Condition: good condition with minor wear. Framing: centered, no background scene, no props, no people.",assets/items/generated/it_a2v8mvym.png
it_74nck6sv,Retro 70s Wood Wall Shelf,furniture,wall shelf,Retro 70s,1976,"['wood', 'brass']",0.67,0.2,67,"flat cartoon illustration, BBC daytime TV graphics style circa early 2000s, clean outlines, soft shading, muted warm colour palette, friendly and readable, no realism, no photorealism, simple shapes, suitable for a 2D game, isolated object, transparent background, no text, no watermark. Subject: a single common retro 70s wall shelf made of wood, brass. Design: simple readable silhouette, slightly exaggerated features, charming imperfections. Condition: fair condition with visible wear. Framing: centered, no background scene, no props, no people.",assets/items/generated/it_74nck6sv.png
it_xjpuiys6,Georgian Porcelain Plate,ceramics,plate,Georgian,1789,"['porcelain', 'earthenware']",0.84,0.15,179,"flat cartoon illustration, BBC daytime TV graphics style circa early 2000s, clean outlines, soft shading, muted warm colour palette, friendly and readable, no realism, no photorealism, simple shapes, suitable for a 2D game, isolated object, transparent background, no text, no watermark. Subject: a single common georgian plate made of porcelain, earthenware. Design: simple readable silhouette, slightly exaggerated features, charming imperfections. Condition: good condition with minor wear. Framing: centered, no background scene, no props, no people.",assets/items/generated/it_xjpuiys6.png
it_ln7vbs6v,Georgian Glass Perfume Bottle,glassware,perfume bottle,Georgian,1737,"['glass', 'crystal']",0.86,0.25,150,"flat cartoon illustration, BBC daytime TV graphics style circa early 2000s, clean outlines, soft shading, muted warm colour palette, friendly and readable, no realism, no photorealism, simple shapes, suitable for a 2D game, isolated object, transparent background, no text, no watermark. Subject: a single common georgian perfume bottle made of glass, crystal. Design: simple readable silhouette, slightly exaggerated features, charming imperfections. Condition: excellent condition. Framing: centered, no background scene, no props, no people.",assets/items/generated/it_ln7vbs6v.png
it_bayhjf0t,Edwardian Glass Decanter,glassware,decanter,Edwardian,1907,"['glass', 'crystal']",0.85,0.05,90,"flat cartoon illustration, BBC daytime TV graphics style circa early 2000s, clean outlines, soft shading, muted warm colour palette, friendly and readable, no realism, no photorealism, simple shapes, suitable for a 2D game, isolated object, transparent background, no text, no watermark. Subject: a single common edwardian decanter made of glass, crystal. Design: simple readable silhouette, slightly exaggerated features, charming imperfections. Condition: excellent condition. Framing: centered, no background scene, no props, no people.",assets/items/generated/it_bayhjf0t.png
it_o2qcpxsf,Art Deco Glass Picture Frame,decor,picture frame,Art Deco,1934,"['glass', 'brass']",0.76,0.01,161,"flat cartoon illustration, BBC daytime TV graphics style circa early 2000s, clean outlines, soft shading, muted warm colour palette, friendly and readable, no realism, no photorealism, simple shapes, suitable for a 2D game, isolated object, transparent background, no text, no watermark. Subject: a single common art deco picture frame made of glass, brass. Design: simple readable silhouette, slightly exaggerated features, charming imperfections. Condition: good condition with minor wear. Framing: centered, no background scene, no props, no people.",assets/items/generated/it_o2qcpxsf.png
it_b705pkge,Victorian Steel Hand Plane,tools,hand plane,Victorian,1867,"['steel', 'iron']",0.94,0.95,86,"flat cartoon illustration, BBC daytime TV graphics style circa early 2000s, clean outlines, soft shading, muted warm colour palette, friendly and readable, no realism, no photorealism, simple shapes, suitable for a 2D game, isolated object, transparent background, no text, no watermark. Subject: a single rare victorian hand plane made of steel, iron. Design: simple readable silhouette, slightly exaggerated features, charming imperfections. Condition: excellent condition. Framing: centered, no background scene, no props, no people.",assets/items/generated/it_b705pkge.png
it_gc65krzd,Mid-century Lace Lace Table Runner,textiles,lace table runner,Mid-century,1945,"['lace', 'cotton']",0.72,0.22,115,"flat cartoon illustration, BBC daytime TV graphics style circa early 2000s, clean outlines, soft shading, muted warm colour palette, friendly and readable, no realism, no photorealism, simple shapes, suitable for a 2D game, isolated object, transparent background, no text, no watermark. Subject: a single common mid-century lace table runner made of lace, cotton. Design: simple readable silhouette, slightly exaggerated features, charming imperfections. Condition: good condition with minor wear. Framing: centered, no background scene, no props, no people.",assets/items/generated/it_gc65krzd.png
it_7d31vlcy,Vintage 80s Brass Carriage Clock,clocks,carriage clock,Vintage 80s,1985,"['brass', 'wood']",0.4,0.3,76,"flat cartoon illustration, BBC daytime TV graphics style circa early 2000s, clean outlines, soft shading, muted warm colour palette, friendly and readable, no realism, no photorealism, simple shapes, suitable for a 2D game, isolated object, transparent background, no text, no watermark. Subject: a single common vintage 80s carriage clock made of brass, wood. Design: simple readable silhouette, slightly exaggerated features, charming imperfections. Condition: poor condition, noticeable damage and wear. Framing: centered, no background scene, no props, no people.",assets/items/generated/it_7d31vlcy.png
it_phocezeb,Art Deco Wood Wind-Up Toy,toys,wind-up toy,Art Deco,1924,"['wood', 'tin']",0.79,0.74,113,"flat cartoon illustration, BBC daytime TV graphics style circa early 2000s, clean outlines, soft shading, muted warm colour palette, friendly and readable, no realism, no photorealism, simple shapes, suitable for a 2D game, isolated object, transparent background, no text, no watermark. Subject: a single uncommon art deco wind-up toy made of wood, tin. Design: simple readable silhouette, slightly exaggerated features, charming imperfections. Condition: good condition with minor wear. Framing: centered, no background scene, no props, no people.",assets/items/generated/it_phocezeb.png
it_23cc7ke2,Vintage 80s Iron Side Table,furniture,side table,Vintage 80s,1983,"['iron', 'brass']",0.65,0.06,75,"flat cartoon illustration, BBC daytime TV graphics style circa early 2000s, clean outlines, soft shading, muted warm colour palette, friendly and readable, no realism, no photorealism, simple shapes, suitable for a 2D game, isolated object, transparent background, no text, no watermark. Subject: a single common vintage 80s side table made of iron, brass. Design: simple readable silhouette, slightly exaggerated features, charming imperfections. Condition: fair condition with visible wear. Framing: centered, no background scene, no props, no people.",assets/items/generated/it_23cc7ke2.png
it_xczvqdv0,Art Deco Paper Map Folio,books,map folio,Art Deco,1937,"['paper', 'leather']",0.55,0.72,74,"flat cartoon illustration, BBC daytime TV graphics style circa early 2000s, clean outlines, soft shading, muted warm colour palette, friendly and readable, no realism, no photorealism, simple shapes, suitable for a 2D game, isolated object, transparent background, no text, no watermark. Subject: a single uncommon art deco map folio made of paper, leather. Design: simple readable silhouette, slightly exaggerated features, charming imperfections. Condition: fair condition with visible wear. Framing: centered, no background scene, no props, no people.",assets/items/generated/it_xczvqdv0.png
it_nd9vj6cc,Retro 70s Glass Table Lamp,decor,table lamp,Retro 70s,1971,"['glass', 'wood']",0.91,0.04,158,"flat cartoon illustration, BBC daytime TV graphics style circa early 2000s, clean outlines, soft shading, muted warm colour palette, friendly and readable, no realism, no photorealism, simple shapes, suitable for a 2D game, isolated object, transparent background, no text, no watermark. Subject: a single common retro 70s table lamp made of glass, wood. Design: simple readable silhouette, slightly exaggerated features, charming imperfections. Condition: excellent condition. Framing: centered, no background scene, no props, no people.",assets/items/generated/it_nd9vj6cc.png
it_59l8a4w7,Victorian Amber Glass Perfume Bottle,glassware,perfume bottle,Victorian,1869,"['amber glass', 'glass']",0.51,0.27,82,"flat cartoon illustration, BBC daytime TV graphics style circa early 2000s, clean outlines, soft shading, muted warm colour palette, friendly and readable, no realism, no photorealism, simple shapes, suitable for a 2D game, isolated object, transparent background, no text, no watermark. Subject: a single common victorian perfume bottle made of amber glass, glass. Design: simple readable silhouette, slightly exaggerated features, charming imperfections. Condition: fair condition with visible wear. Framing: centered, no background scene, no props, no people.",assets/items/generated/it_59l8a4w7.png
it_ap2dtp1o,Vintage 80s Wood Small Cabinet Handle Set,furniture,small cabinet handle set,Vintage 80s,1985,"['wood', 'brass']",0.85,0.89,142,"flat cartoon illustration, BBC daytime TV graphics style circa early 2000s, clean outlines, soft shading, muted warm colour palette, friendly and readable, no realism, no photorealism, simple shapes, suitable for a 2D game, isolated object, transparent background, no text, no watermark. Subject: a single rare vintage 80s small cabinet handle set made of wood, brass. Design: simple readable silhouette, slightly exaggerated features, charming imperfections. Condition: excellent condition. Framing: centered, no background scene, no props, no people.",assets/items/generated/it_ap2dtp1o.png
it_x9xl5hhb,Vintage 80s Glass Decanter,glassware,decanter,Vintage 80s,1980,"['glass', 'amber glass']",0.89,0.07,101,"flat cartoon illustration, BBC daytime TV graphics style circa early 2000s, clean outlines, soft shading, muted warm colour palette, friendly and readable, no realism, no photorealism, simple shapes, suitable for a 2D game, isolated object, transparent background, no text, no watermark. Subject: a single common vintage 80s decanter made of glass, amber glass. Design: simple readable silhouette, slightly exaggerated features, charming imperfections. Condition: excellent condition. Framing: centered, no background scene, no props, no people.",assets/items/generated/it_x9xl5hhb.png
it_3ptn85db,Victorian Brass Wall Clock,clocks,wall clock,Victorian,1843,"['brass', 'wood']",0.88,0.3,132,"flat cartoon illustration, BBC daytime TV graphics style circa early 2000s, clean outlines, soft shading, muted warm colour palette, friendly and readable, no realism, no photorealism, simple shapes, suitable for a 2D game, isolated object, transparent background, no text, no watermark. Subject: a single common victorian wall clock made of brass, wood. Design: simple readable silhouette, slightly exaggerated features, charming imperfections. Condition: excellent condition. Framing: centered, no background scene, no props, no people.",assets/items/generated/it_3ptn85db.png
it_0rnxxopy,Retro 70s Wood Frame Etching Print,art,etching print,Retro 70s,1970,"['wood frame', 'canvas']",0.73,0.73,215,"flat cartoon illustration, BBC daytime TV graphics style circa early 2000s, clean outlines, soft shading, muted warm colour palette, friendly and readable, no realism, no photorealism, simple shapes, suitable for a 2D game, isolated object, transparent background, no text, no watermark. Subject: a single uncommon retro 70s etching print made of wood frame, canvas. Design: simple readable silhouette, slightly exaggerated features, charming imperfections. Condition: good condition with minor wear. Framing: centered, no background scene, no props, no people.",assets/items/generated/it_0rnxxopy.png
it_zk4t47d4,Victorian Wood Mantel Clock,clocks,mantel clock,Victorian,1856,"['wood', 'bakelite']",0.77,0.43,183,"flat cartoon illustration, BBC daytime TV graphics style circa early 2000s, clean outlines, soft shading, muted warm colour palette, friendly and readable, no realism, no photorealism, simple shapes, suitable for a 2D game, isolated object, transparent background, no text, no watermark. Subject: a single common victorian mantel clock made of wood, bakelite. Design: simple readable silhouette, slightly exaggerated features, charming imperfections. Condition: good condition with minor wear. Framing: centered, no background scene, no props, no people.",assets/items/generated/it_zk4t47d4.png
it_tbk1n041,Mid-century Porcelain Teapot,ceramics,teapot,Mid-century,1967,"['porcelain', 'earthenware']",0.91,0.89,179,"flat cartoon illustration, BBC daytime TV graphics style circa early 2000s, clean outlines, soft shading, muted warm colour palette, friendly and readable, no realism, no photorealism, simple shapes, suitable for a 2D game, isolated object, transparent background, no text, no watermark. Subject: a single rare mid-century teapot made of porcelain, earthenware. Design: simple readable silhouette, slightly exaggerated features, charming imperfections. Condition: excellent condition. Framing: centered, no background scene, no props, no people.",assets/items/generated/it_tbk1n041.png
it_gdxcu9sz,Victorian Paper Map Folio,books,map folio,Victorian,1858,"['paper', 'cloth cover']",0.96,0.0,65,"flat cartoon illustration, BBC daytime TV graphics style circa early 2000s, clean outlines, soft shading, muted warm colour palette, friendly and readable, no realism, no photorealism, simple shapes, suitable for a 2D game, isolated object, transparent background, no text, no watermark. Subject: a single common victorian map folio made of paper, cloth cover. Design: simple readable silhouette, slightly exaggerated features, charming imperfections. Condition: excellent condition. Framing: centered, no background scene, no props, no people.",assets/items/generated/it_gdxcu9sz.png
it_04yzf7f3,Retro 70s Iron Side Table,furniture,side table,Retro 70s,1978,"['iron', 'brass']",0.56,0.37,74,"flat cartoon illustration, BBC daytime TV graphics style circa early 2000s, clean outlines, soft shading, muted warm colour palette, friendly and readable, no realism, no photorealism, simple shapes, suitable for a 2D game, isolated object, transparent background, no text, no watermark. Subject: a single common retro 70s side table made of iron, brass. Design: simple readable silhouette, slightly exaggerated features, charming imperfections. Condition: fair condition with visible wear. Framing: centered, no background scene, no props, no people.",assets/items/generated/it_04yzf7f3.png
it_fmywip4r,Retro 70s Steel Oil Can,tools,oil can,Retro 70s,1972,"['steel', 'brass']",0.72,0.6,188,"flat cartoon illustration, BBC daytime TV graphics style circa early 2000s, clean outlines, soft shading, muted warm colour palette, friendly and readable, no realism, no photorealism, simple shapes, suitable for a 2D game, isolated object, transparent background, no text, no watermark. Subject: a single uncommon retro 70s oil can made of steel, brass. Design: simple readable silhouette, slightly exaggerated features, charming imperfections. Condition: good condition with minor wear. Framing: centered, no background scene, no props, no people.",assets/items/generated/it_fmywip4r.png
it_8tyu03zx,Retro 70s Lace Embroidered Scarf,textiles,embroidered scarf,Retro 70s,1976,"['lace', 'silk']",0.9,0.96,28,"flat cartoon illustration, BBC daytime TV graphics style circa early 2000s, clean outlines, soft shading, muted warm colour palette, friendly and readable, no realism, no photorealism, simple shapes, suitable for a 2D game, isolated object, transparent background, no text, no watermark. Subject: a single rare retro 70s embroidered scarf made of lace, silk. Design: simple readable silhouette, slightly exaggerated features, charming imperfections. Condition: excellent condition. Framing: centered, no background scene, no props, no people.",assets/items/generated/it_8tyu03zx.png
it_7tym2ees,Victorian Glazed Ceramic Bowl,ceramics,bowl,Victorian,1894,"['glazed ceramic', 'earthenware']",0.51,0.04,116,"flat cartoon illustration, BBC daytime TV graphics style circa early 2000s, clean outlines, soft shading, muted warm colour palette, friendly and readable, no realism, no photorealism, simple shapes, suitable for a 2D game, isolated object, transparent background, no text, no watermark. Subject: a single common victorian bowl made of glazed ceramic, earthenware. Design: simple readable silhouette, slightly exaggerated features, charming imperfections. Condition: fair condition with visible wear. Framing: centered, no background scene, no props, no people.",assets/items/generated/it_7tym2ees.png
it_ecsnhdeg,Mid-century Paper Sheet Music Booklet,books,sheet music booklet,Mid-century,1958,"['paper', 'leather']",0.55,0.64,86,"flat cartoon illustration, BBC daytime TV graphics style circa early 2000s, clean outlines, soft shading, muted warm colour palette, friendly and readable, no realism, no photorealism, simple shapes, suitable for a 2D game, isolated object, transparent background, no text, no watermark. Subject: a single uncommon mid-century sheet music booklet made of paper, leather. Design: simple readable silhouette, slightly exaggerated features, charming imperfections. Condition: fair condition with visible wear. Framing: centered, no background scene, no props, no people.",assets/items/generated/it_ecsnhdeg.png
it_ksn4lmlg,Art Deco Glass Mantel Clock,clocks,mantel clock,Art Deco,1934,"['glass', 'wood']",0.84,0.86,353,"flat cartoon illustration, BBC daytime TV graphics style circa early 2000s, clean outlines, soft shading, muted warm colour palette, friendly and readable, no realism, no photorealism, simple shapes, suitable for a 2D game, isolated object, transparent background, no text, no watermark. Subject: a single rare art deco mantel clock made of glass, wood. Design: simple readable silhouette, slightly exaggerated features, charming imperfections. Condition: good condition with minor wear. Framing: centered, no background scene, no props, no people.",assets/items/generated/it_ksn4lmlg.png
it_i1bqflzu,Art Deco Stoneware Plate,ceramics,plate,Art Deco,1936,"['stoneware', 'glazed ceramic']",0.57,0.65,89,"flat cartoon illustration, BBC daytime TV graphics style circa early 2000s, clean outlines, soft shading, muted warm colour palette, friendly and readable, no realism, no photorealism, simple shapes, suitable for a 2D game, isolated object, transparent background, no text, no watermark. Subject: a single uncommon art deco plate made of stoneware, glazed ceramic. Design: simple readable silhouette, slightly exaggerated features, charming imperfections. Condition: fair condition with visible wear. Framing: centered, no background scene, no props, no people.",assets/items/generated/it_i1bqflzu.png
it_p6coqd54,Victorian Crystal Wine Glass Set,glassware,wine glass set,Victorian,1896,"['crystal', 'amber glass']",1.0,0.23,142,"flat cartoon illustration, BBC daytime TV graphics style circa early 2000s, clean outlines, soft shading, muted warm colour palette, friendly and readable, no realism, no photorealism, simple shapes, suitable for a 2D game, isolated object, transparent background, no text, no watermark. Subject: a single common victorian wine glass set made of crystal, amber glass. Design: simple readable silhouette, slightly exaggerated features, charming imperfections. Condition: excellent condition. Framing: centered, no background scene, no props, no people.",assets/items/generated/it_p6coqd54.png
it_39utny79,Victorian Plastic Wind-Up Toy,toys,wind-up toy,Victorian,1844,"['plastic', 'cloth']",0.82,0.26,47,"flat cartoon illustration, BBC daytime TV graphics style circa early 2000s, clean outlines, soft shading, muted warm colour palette, friendly and readable, no realism, no photorealism, simple shapes, suitable for a 2D game, isolated object, transparent background, no text, no watermark. Subject: a single common victorian wind-up toy made of plastic, cloth. Design: simple readable silhouette, slightly exaggerated features, charming imperfections. Condition: good condition with minor wear. Framing: centered, no background scene, no props, no people.",assets/items/generated/it_39utny79.png
it_kvb571wa,Victorian Silk Lace Table Runner,textiles,lace table runner,Victorian,1875,"['silk', 'lace']",0.88,0.17,30,"flat cartoon illustration, BBC daytime TV graphics style circa early 2000s, clean outlines, soft shading, muted warm colour palette, friendly and readable, no realism, no photorealism, simple shapes, suitable for a 2D game, isolated object, transparent background, no text, no watermark. Subject: a single common victorian lace table runner made of silk, lace. Design: simple readable silhouette, slightly exaggerated features, charming imperfections. Condition: excellent condition. Framing: centered, no background scene, no props, no people.",assets/items/generated/it_kvb571wa.png
it_g9svid6i,Mid-century Iron Antique Hammer,tools,antique hammer,Mid-century,1966,"['iron', 'steel']",0.77,0.01,27,"flat cartoon illustration, BBC daytime TV graphics style circa early 2000s, clean outlines, soft shading, muted warm colour palette, friendly and readable, no realism, no photorealism, simple shapes, suitable for a 2D game, isolated object, transparent background, no text, no watermark. Subject: a single common mid-century antique hammer made of iron, steel. Design: simple readable silhouette, slightly exaggerated features, charming imperfections. Condition: good condition with minor wear. Framing: centered, no background scene, no props, no people.",assets/items/generated/it_g9svid6i.png
it_pv6fi02s,Art Deco Amber Glass Wine Glass Set,glassware,wine glass set,Art Deco,1924,"['amber glass', 'crystal']",0.57,0.34,238,"flat cartoon illustration, BBC daytime TV graphics style circa early 2000s, clean outlines, soft shading, muted warm colour palette, friendly and readable, no realism, no photorealism, simple shapes, suitable for a 2D game, isolated object, transparent background, no text, no watermark. Subject: a single common art deco wine glass set made of amber glass, crystal. Design: simple readable silhouette, slightly exaggerated features, charming imperfections. Condition: fair condition with visible wear. Framing: centered, no background scene, no props, no people.",assets/items/generated/it_pv6fi02s.png
it_7ot22pz5,Victorian Leather Antique Journal,books,antique journal,Victorian,1858,"['leather', 'paper']",0.76,0.01,86,"flat cartoon illustration, BBC daytime TV graphics style circa early 2000s, clean outlines, soft shading, muted warm colour palette, friendly and readable, no realism, no photorealism, simple shapes, suitable for a 2D game, isolated object, transparent background, no text, no watermark. Subject: a single common victorian antique journal made of leather, paper. Design: simple readable silhouette, slightly exaggerated features, charming imperfections. Condition: good condition with minor wear. Framing: centered, no background scene, no props, no people.",assets/items/generated/it_7ot22pz5.png
it_9cqspl1w,Mid-century Glass Perfume Bottle,glassware,perfume bottle,Mid-century,1954,"['glass', 'amber glass']",1.0,0.07,118,"flat cartoon illustration, BBC daytime TV graphics style circa early 2000s, clean outlines, soft shading, muted warm colour palette, friendly and readable, no realism, no photorealism, simple shapes, suitable for a 2D game, isolated object, transparent background, no text, no watermark. Subject: a single common mid-century perfume bottle made of glass, amber glass. Design: simple readable silhouette, slightly exaggerated features, charming imperfections. Condition: excellent condition. Framing: centered, no background scene, no props, no people.",assets/items/generated/it_9cqspl1w.png
it_4im7juda,Edwardian Brass Antique Hammer,tools,antique hammer,Edwardian,1903,"['brass', 'iron']",0.44,0.22,93,"flat cartoon illustration, BBC daytime TV graphics style circa early 2000s, clean outlines, soft shading, muted warm colour palette, friendly and readable, no realism, no photorealism, simple shapes, suitable for a 2D game, isolated object, transparent background, no text, no watermark. Subject: a single common edwardian antique hammer made of brass, iron. Design: simple readable silhouette, slightly exaggerated features, charming imperfections. Condition: poor condition, noticeable damage and wear. Framing: centered, no background scene, no props, no people.",assets/items/generated/it_4im7juda.png
it_z13yi3nf,Vintage 80s Silk Tapestry Fragment,textiles,tapestry fragment,Vintage 80s,1987,"['silk', 'cotton']",0.83,0.2,46,"flat cartoon illustration, BBC daytime TV graphics style circa early 2000s, clean outlines, soft shading, muted warm colour palette, friendly and readable, no realism, no photorealism, simple shapes, suitable for a 2D game, isolated object, transparent background, no text, no watermark. Subject: a single common vintage 80s tapestry fragment made of silk, cotton. Design: simple readable silhouette, slightly exaggerated features, charming imperfections. Condition: good condition with minor wear. Framing: centered, no background scene, no props, no people.",assets/items/generated/it_z13yi3nf.png
it_fvqzlzxm,Vintage 80s Cloth Cover Map Folio,books,map folio,Vintage 80s,1986,"['cloth cover', 'paper']",0.53,0.43,87,"flat cartoon illustration, BBC daytime TV graphics style circa early 2000s, clean outlines, soft shading, muted warm colour palette, friendly and readable, no realism, no photorealism, simple shapes, suitable for a 2D game, isolated object, transparent background, no text, no watermark. Subject: a single common vintage 80s map folio made of cloth cover, paper. Design: simple readable silhouette, slightly exaggerated features, charming imperfections. Condition: fair condition with visible wear. Framing: centered, no background scene, no props, no people.",assets/items/generated/it_fvqzlzxm.png
it_ftgjornp,Georgian Stoneware Bowl,ceramics,bowl,Georgian,1747,"['stoneware', 'porcelain']",0.68,0.02,106,"flat cartoon illustration, BBC daytime TV graphics style circa early 2000s, clean outlines, soft shading, muted warm colour palette, friendly and readable, no realism, no photorealism, simple shapes, suitable for a 2D game, isolated object, transparent background, no text, no watermark. Subject: a single common georgian bowl made of stoneware, porcelain. Design: simple readable silhouette, slightly exaggerated features, charming imperfections. Condition: fair condition with visible wear. Framing: centered, no background scene, no props, no people.",assets/items/generated/it_ftgjornp.png
it_q0wbf1is,Georgian Cotton Lace Table Runner,textiles,lace table runner,Georgian,1743,"['cotton', 'silk']",0.71,0.42,31,"flat cartoon illustration, BBC daytime TV graphics style circa early 2000s, clean outlines, soft shading, muted warm colour palette, friendly and readable, no realism, no photorealism, simple shapes, suitable for a 2D game, isolated object, transparent background, no text, no watermark. Subject: a single common georgian lace table runner made of cotton, silk. Design: simple readable silhouette, slightly exaggerated features, charming imperfections. Condition: good condition with minor wear. Framing: centered, no background scene, no props, no people.",assets/items/generated/it_q0wbf1is.png
it_csstrwg2,Vintage 80s Stoneware Teapot,ceramics,teapot,Vintage 80s,1989,"['stoneware', 'porcelain']",0.53,0.83,133,"flat cartoon illustration, BBC daytime TV graphics style circa early 2000s, clean outlines, soft shading, muted warm colour palette, friendly and readable, no realism, no photorealism, simple shapes, suitable for a 2D game, isolated object, transparent background, no text, no watermark. Subject: a single rare vintage 80s teapot made of stoneware, porcelain. Design: simple readable silhouette, slightly exaggerated features, charming imperfections. Condition: fair condition with visible wear. Framing: centered, no background scene, no props, no people.",assets/items/generated/it_csstrwg2.png
it_e3licnin,Mid-century Wood Ornament,decor,ornament,Mid-century,1951,"['wood', 'glass']",0.74,0.46,170,"flat cartoon illustration, BBC daytime TV graphics style circa early 2000s, clean outlines, soft shading, muted warm colour palette, friendly and readable, no realism, no photorealism, simple shapes, suitable for a 2D game, isolated object, transparent background, no text, no watermark. Subject: a single uncommon mid-century ornament made of wood, glass. Design: simple readable silhouette, slightly exaggerated features, charming imperfections. Condition: good condition with minor wear. Framing: centered, no background scene, no props, no people.",assets/items/generated/it_e3licnin.png
it_dw383xiv,Vintage 80s Paper Sheet Music Booklet,books,sheet music booklet,Vintage 80s,1980,"['paper', 'leather']",0.68,0.51,120,"flat cartoon illustration, BBC daytime TV graphics style circa early 2000s, clean outlines, soft shading, muted warm colour palette, friendly and readable, no realism, no photorealism, simple shapes, suitable for a 2D game, isolated object, transparent background, no text, no watermark. Subject: a single uncommon vintage 80s sheet music booklet made of paper, leather. Design: simple readable silhouette, slightly exaggerated features, charming imperfections. Condition: fair condition with visible wear. Framing: centered, no background scene, no props, no people.",assets/items/generated/it_dw383xiv.png
it_nqsxfpbm,Mid-century Amber Glass Wine Glass Set,glassware,wine glass set,Mid-century,1955,"['amber glass', 'crystal']",0.68,0.49,222,"flat cartoon illustration, BBC daytime TV graphics style circa early 2000s, clean outlines, soft shading, muted warm colour palette, friendly and readable, no realism, no photorealism, simple shapes, suitable for a 2D game, isolated object, transparent background, no text, no watermark. Subject: a single uncommon mid-century wine glass set made of amber glass, crystal. Design: simple readable silhouette, slightly exaggerated features, charming imperfections. Condition: fair condition with visible wear. Framing: centered, no background scene, no props, no people.",assets/items/generated/it_nqsxfpbm.png
it_p7snga0w,Victorian Brass Side Table,furniture,side table,Victorian,1879,"['brass', 'wood']",0.92,0.0,54,"flat cartoon illustration, BBC daytime TV graphics style circa early 2000s, clean outlines, soft shading, muted warm colour palette, friendly and readable, no realism, no photorealism, simple shapes, suitable for a 2D game, isolated object, transparent background, no text, no watermark. Subject: a single common victorian side table made of brass, wood. Design: simple readable silhouette, slightly exaggerated features, charming imperfections. Condition: excellent condition. Framing: centered, no background scene, no props, no people.",assets/items/generated/it_p7snga0w.png
it_gitvygpm,Retro 70s Paper Antique Journal,books,antique journal,Retro 70s,1972,"['paper', 'leather']",0.73,0.12,34,"flat cartoon illustration, BBC daytime TV graphics style circa early 2000s, clean outlines, soft shading, muted warm colour palette, friendly and readable, no realism, no photorealism, simple shapes, suitable for a 2D game, isolated object, transparent background, no text, no watermark. Subject: a single common retro 70s antique journal made of paper, leather. Design: simple readable silhouette, slightly exaggerated features, charming imperfections. Condition: good condition with minor wear. Framing: centered, no background scene, no props, no people.",assets/items/generated/it_gitvygpm.png
it_5i1pbsrt,Georgian Brass Stool,furniture,stool,Georgian,1777,"['brass', 'wood']",1.0,0.0,59,"flat cartoon illustration, BBC daytime TV graphics style circa early 2000s, clean outlines, soft shading, muted warm colour palette, friendly and readable, no realism, no photorealism, simple shapes, suitable for a 2D game, isolated object, transparent background, no text, no watermark. Subject: a single common georgian stool made of brass, wood. Design: simple readable silhouette, slightly exaggerated features, charming imperfections. Condition: excellent condition. Framing: centered, no background scene, no props, no people.",assets/items/generated/it_5i1pbsrt.png
it_55fqt3fi,Retro 70s Wood Oil Can,tools,oil can,Retro 70s,1977,"['wood', 'iron']",0.49,0.06,53,"flat cartoon illustration, BBC daytime TV graphics style circa early 2000s, clean outlines, soft shading, muted warm colour palette, friendly and readable, no realism, no photorealism, simple shapes, suitable for a 2D game, isolated object, transparent background, no text, no watermark. Subject: a single common retro 70s oil can made of wood, iron. Design: simple readable silhouette, slightly exaggerated features, charming imperfections. Condition: poor condition, noticeable damage and wear. Framing: centered, no background scene, no props, no people.",assets/items/generated/it_55fqt3fi.png
it_l2zzcys2,Vintage 80s Brass Brass Compass,tools,brass compass,Vintage 80s,1984,"['brass', 'iron']",0.59,0.59,39,"flat cartoon illustration, BBC daytime TV graphics style circa early 2000s, clean outlines, soft shading, muted warm colour palette, friendly and readable, no realism, no photorealism, simple shapes, suitable for a 2D game, isolated object, transparent background, no text, no watermark. Subject: a single uncommon vintage 80s brass compass made of brass, iron. Design: simple readable silhouette, slightly exaggerated features, charming imperfections. Condition: fair condition with visible wear. Framing: centered, no background scene, no props, no people.",assets/items/generated/it_l2zzcys2.png
it_zzatx80f,Edwardian Cloth Wind-Up Toy,toys,wind-up toy,Edwardian,1906,"['cloth', 'wood']",1.0,0.04,23,"flat cartoon illustration, BBC daytime TV graphics style circa early 2000s, clean outlines, soft shading, muted warm colour palette, friendly and readable, no realism, no photorealism, simple shapes, suitable for a 2D game, isolated object, transparent background, no text, no watermark. Subject: a single common edwardian wind-up toy made of cloth, wood. Design: simple readable silhouette, slightly exaggerated features, charming imperfections. Condition: excellent condition. Framing: centered, no background scene, no props, no people.",assets/items/generated/it_zzatx80f.png
it_5jsjx2qe,Mid-century Leather Antique Journal,books,antique journal,Mid-century,1963,"['leather', 'cloth cover']",0.54,0.41,39,"flat cartoon illustration, BBC daytime TV graphics style circa early 2000s, clean outlines, soft shading, muted warm colour palette, friendly and readable, no realism, no photorealism, simple shapes, suitable for a 2D game, isolated object, transparent background, no text, no watermark. Subject: a single common mid-century antique journal made of leather, cloth cover. Design: simple readable silhouette, slightly exaggerated features, charming imperfections. Condition: fair condition with visible wear. Framing: centered, no background scene, no props, no people.",assets/items/generated/it_5jsjx2qe.png
it_ukhixld5,Vintage 80s Brass Side Table,furniture,side table,Vintage 80s,1989,"['brass', 'iron']",1.0,0.38,336,"flat cartoon illustration, BBC daytime TV graphics style circa early 2000s, clean outlines, soft shading, muted warm colour palette, friendly and readable, no realism, no photorealism, simple shapes, suitable for a 2D game, isolated object, transparent background, no text, no watermark. Subject: a single common vintage 80s side table made of brass, iron. Design: simple readable silhouette, slightly exaggerated features, charming imperfections. Condition: excellent condition. Framing: centered, no background scene, no props, no people.",assets/items/generated/it_ukhixld5.png
it_0dye5eyq,Art Deco Glass Table Lamp,decor,table lamp,Art Deco,1927,"['glass', 'wood']",0.51,0.49,170,"flat cartoon illustration, BBC daytime TV graphics style circa early 2000s, clean outlines, soft shading, muted warm colour palette, friendly and readable, no realism, no photorealism, simple shapes, suitable for a 2D game, isolated object, transparent background, no text, no watermark. Subject: a single uncommon art deco table lamp made of glass, wood. Design: simple readable silhouette, slightly exaggerated features, charming imperfections. Condition: fair condition with visible wear. Framing: centered, no background scene, no props, no people.",assets/items/generated/it_0dye5eyq.png
it_c6505op3,Victorian Bakelite Pocket Watch,clocks,pocket watch,Victorian,1868,"['bakelite', 'wood']",0.93,0.7,157,"flat cartoon illustration, BBC daytime TV graphics style circa early 2000s, clean outlines, soft shading, muted warm colour palette, friendly and readable, no realism, no photorealism, simple shapes, suitable for a 2D game, isolated object, transparent background, no text, no watermark. Subject: a single uncommon victorian pocket watch made of bakelite, wood. Design: simple readable silhouette, slightly exaggerated features, charming imperfections. Condition: excellent condition. Framing: centered, no background scene, no props, no people.",assets/items/generated/it_c6505op3.png
it_syegcmi8,Vintage 80s Earthenware Figurine,ceramics,figurine,Vintage 80s,1983,"['earthenware', 'glazed ceramic']",0.85,0.09,16,"flat cartoon illustration, BBC daytime TV graphics style circa early 2000s, clean outlines, soft shading, muted warm colour palette, friendly and readable, no realism, no photorealism, simple shapes, suitable for a 2D game, isolated object, transparent background, no text, no watermark. Subject: a single common vintage 80s figurine made of earthenware, glazed ceramic. Design: simple readable silhouette, slightly exaggerated features, charming imperfections. Condition: excellent condition. Framing: centered, no background scene, no props, no people.",assets/items/generated/it_syegcmi8.png
it_8c695i4n,Georgian Iron Side Table,furniture,side table,Georgian,1751,"['iron', 'brass']",0.7,0.51,77,"flat cartoon illustration, BBC daytime TV graphics style circa early 2000s, clean outlines, soft shading, muted warm colour palette, friendly and readable, no realism, no photorealism, simple shapes, suitable for a 2D game, isolated object, transparent background, no text, no watermark. Subject: a single uncommon georgian side table made of iron, brass. Design: simple readable silhouette, slightly exaggerated features, charming imperfections. Condition: good condition with minor wear. Framing: centered, no background scene, no props, no people.",assets/items/generated/it_8c695i4n.png
it_g2474a5i,Vintage 80s Wood Oil Can,tools,oil can,Vintage 80s,1989,"['wood', 'iron']",0.72,0.0,13,"flat cartoon illustration, BBC daytime TV graphics style circa early 2000s, clean outlines, soft shading, muted warm colour palette, friendly and readable, no realism, no photorealism, simple shapes, suitable for a 2D game, isolated object, transparent background, no text, no watermark. Subject: a single common vintage 80s oil can made of wood, iron. Design: simple readable silhouette, slightly exaggerated features, charming imperfections. Condition: good condition with minor wear. Framing: centered, no background scene, no props, no people.",assets/items/generated/it_g2474a5i.png
it_msaghkga,Victorian Brass Wall Shelf,furniture,wall shelf,Victorian,1890,"['brass', 'iron']",0.78,0.71,137,"flat cartoon illustration, BBC daytime TV graphics style circa early 2000s, clean outlines, soft shading, muted warm colour palette, friendly and readable, no realism, no photorealism, simple shapes, suitable for a 2D game, isolated object, transparent background, no text, no watermark. Subject: a single uncommon victorian wall shelf made of brass, iron. Design: simple readable silhouette, slightly exaggerated features, charming imperfections. Condition: good condition with minor wear. Framing: centered, no background scene, no props, no people.",assets/items/generated/it_msaghkga.png
it_z56nzhr8,Mid-century Wood Antique Hammer,tools,antique hammer,Mid-century,1960,"['wood', 'brass']",0.66,0.62,60,"flat cartoon illustration, BBC daytime TV graphics style circa early 2000s, clean outlines, soft shading, muted warm colour palette, friendly and readable, no realism, no photorealism, simple shapes, suitable for a 2D game, isolated object, transparent background, no text, no watermark. Subject: a single uncommon mid-century antique hammer made of wood, brass. Design: simple readable silhouette, slightly exaggerated features, charming imperfections. Condition: fair condition with visible wear. Framing: centered, no background scene, no props, no people.",assets/items/generated/it_z56nzhr8.png
it_ndgbs341,Vintage 80s Wood Tin Robot,toys,tin robot,Vintage 80s,1989,"['wood', 'tin']",0.9,0.23,92,"flat cartoon illustration, BBC daytime TV graphics style circa early 2000s, clean outlines, soft shading, muted warm colour palette, friendly and readable, no realism, no photorealism, simple shapes, suitable for a 2D game, isolated object, transparent background, no text, no watermark. Subject: a single common vintage 80s tin robot made of wood, tin. Design: simple readable silhouette, slightly exaggerated features, charming imperfections. Condition: excellent condition. Framing: centered, no background scene, no props, no people.",assets/items/generated/it_ndgbs341.png
it_xayo3x4u,Edwardian Wood Mirror,decor,mirror,Edwardian,1907,"['wood', 'glass']",0.33,0.08,21,"flat cartoon illustration, BBC daytime TV graphics style circa early 2000s, clean outlines, soft shading, muted warm colour palette, friendly and readable, no realism, no photorealism, simple shapes, suitable for a 2D game, isolated object, transparent background, no text, no watermark. Subject: a single common edwardian mirror made of wood, glass. Design: simple readable silhouette, slightly exaggerated features, charming imperfections. Condition: poor condition, noticeable damage and wear. Framing: centered, no background scene, no props, no people.",assets/items/generated/it_xayo3x4u.png
it_x7hxvjft,Art Deco Iron Small Cabinet Handle Set,furniture,small cabinet handle set,Art Deco,1924,"['iron', 'wood']",1.0,0.89,214,"flat cartoon illustration, BBC daytime TV graphics style circa early 2000s, clean outlines, soft shading, muted warm colour palette, friendly and readable, no realism, no photorealism, simple shapes, suitable for a 2D game, isolated object, transparent background, no text, no watermark. Subject: a single rare art deco small cabinet handle set made of iron, wood. Design: simple readable silhouette, slightly exaggerated features, charming imperfections. Condition: excellent condition. Framing: centered, no background scene, no props, no people.",assets/items/generated/it_x7hxvjft.png
it_mdjcht68,Vintage 80s Paper Poster,art,poster,Vintage 80s,1988,"['paper', 'wood frame']",0.65,0.0,68,"flat cartoon illustration, BBC daytime TV graphics style circa early 2000s, clean outlines, soft shading, muted warm colour palette, friendly and readable, no realism, no photorealism, simple shapes, suitable for a 2D game, isolated object, transparent background, no text, no watermark. Subject: a single common vintage 80s poster made of paper, wood frame. Design: simple readable silhouette, slightly exaggerated features, charming imperfections. Condition: fair condition with visible wear. Framing: centered, no background scene, no props, no people.",assets/items/generated/it_mdjcht68.png
it_hu9igjwb,Mid-century Leather Sheet Music Booklet,books,sheet music booklet,Mid-century,1946,"['leather', 'cloth cover']",0.82,0.11,109,"flat cartoon illustration, BBC daytime TV graphics style circa early 2000s, clean outlines, soft shading, muted warm colour palette, friendly and readable, no realism, no photorealism, simple shapes, suitable for a 2D game, isolated object, transparent background, no text, no watermark. Subject: a single common mid-century sheet music booklet made of leather, cloth cover. Design: simple readable silhouette, slightly exaggerated features, charming imperfections. Condition: good condition with minor wear. Framing: centered, no background scene, no props, no people.",assets/items/generated/it_hu9igjwb.png
it_ltnv0ey6,Mid-century Lace Tapestry Fragment,textiles,tapestry fragment,Mid-century,1967,"['lace', 'cotton']",0.82,0.0,91,"flat cartoon illustration, BBC daytime TV graphics style circa early 2000s, clean outlines, soft shading, muted warm colour palette, friendly and readable, no realism, no photorealism, simple shapes, suitable for a 2D game, isolated object, transparent background, no text, no watermark. Subject: a single common mid-century tapestry fragment made of lace, cotton. Design: simple readable silhouette, slightly exaggerated features, charming imperfections. Condition: good condition with minor wear. Framing: centered, no background scene, no props, no people.",assets/items/generated/it_ltnv0ey6.png
it_5i6y1m0z,Edwardian Steel Antique Hammer,tools,antique hammer,Edwardian,1904,"['steel', 'wood']",0.56,0.44,78,"flat cartoon illustration, BBC daytime TV graphics style circa early 2000s, clean outlines, soft shading, muted warm colour palette, friendly and readable, no realism, no photorealism, simple shapes, suitable for a 2D game, isolated object, transparent background, no text, no watermark. Subject: a single common edwardian antique hammer made of steel, wood. Design: simple readable silhouette, slightly exaggerated features, charming imperfections. Condition: fair condition with visible wear. Framing: centered, no background scene, no props, no people.",assets/items/generated/it_5i6y1m0z.png
it_k7rjegrf,Vintage 80s Brass Small Cabinet Handle Set,furniture,small cabinet handle set,Vintage 80s,1980,"['brass', 'wood']",0.71,0.34,176,"flat cartoon illustration, BBC daytime TV graphics style circa early 2000s, clean outlines, soft shading, muted warm colour palette, friendly and readable, no realism, no photorealism, simple shapes, suitable for a 2D game, isolated object, transparent background, no text, no watermark. Subject: a single common vintage 80s small cabinet handle set made of brass, wood. Design: simple readable silhouette, slightly exaggerated features, charming imperfections. Condition: good condition with minor wear. Framing: centered, no background scene, no props, no people.",assets/items/generated/it_k7rjegrf.png
it_9sgxa892,Retro 70s Lace Embroidered Scarf,textiles,embroidered scarf,Retro 70s,1973,"['lace', 'cotton']",0.6,0.93,209,"flat cartoon illustration, BBC daytime TV graphics style circa early 2000s, clean outlines, soft shading, muted warm colour palette, friendly and readable, no realism, no photorealism, simple shapes, suitable for a 2D game, isolated object, transparent background, no text, no watermark. Subject: a single rare retro 70s embroidered scarf made of lace, cotton. Design: simple readable silhouette, slightly exaggerated features, charming imperfections. Condition: fair condition with visible wear. Framing: centered, no background scene, no props, no people.",assets/items/generated/it_9sgxa892.png
it_f74ej519,Georgian Wood Picture Frame,decor,picture frame,Georgian,1782,"['wood', 'ceramic']",0.87,0.53,251,"flat cartoon illustration, BBC daytime TV graphics style circa early 2000s, clean outlines, soft shading, muted warm colour palette, friendly and readable, no realism, no photorealism, simple shapes, suitable for a 2D game, isolated object, transparent background, no text, no watermark. Subject: a single uncommon georgian picture frame made of wood, ceramic. Design: simple readable silhouette, slightly exaggerated features, charming imperfections. Condition: excellent condition. Framing: centered, no background scene, no props, no people.",assets/items/generated/it_f74ej519.png
it_wao4gs5c,Mid-century Glass Mantel Clock,clocks,mantel clock,Mid-century,1968,"['glass', 'bakelite']",0.59,0.46,92,"flat cartoon illustration, BBC daytime TV graphics style circa early 2000s, clean outlines, soft shading, muted warm colour palette, friendly and readable, no realism, no photorealism, simple shapes, suitable for a 2D game, isolated object, transparent background, no text, no watermark. Subject: a single uncommon mid-century mantel clock made of glass, bakelite. Design: simple readable silhouette, slightly exaggerated features, charming imperfections. Condition: fair condition with visible wear. Framing: centered, no background scene, no props, no people.",assets/items/generated/it_wao4gs5c.png
it_0ivpsnmm,Art Deco Crystal Decanter,glassware,decanter,Art Deco,1934,"['crystal', 'amber glass']",0.61,0.61,87,"flat cartoon illustration, BBC daytime TV graphics style circa early 2000s, clean outlines, soft shading, muted warm colour palette, friendly and readable, no realism, no photorealism, simple shapes, suitable for a 2D game, isolated object, transparent background, no text, no watermark. Subject: a single uncommon art deco decanter made of crystal, amber glass. Design: simple readable silhouette, slightly exaggerated features, charming imperfections. Condition: fair condition with visible wear. Framing: centered, no background scene, no props, no people.",assets/items/generated/it_0ivpsnmm.png
it_goz0sl16,Retro 70s Glazed Ceramic Plate,ceramics,plate,Retro 70s,1971,"['glazed ceramic', 'stoneware']",0.58,0.14,145,"flat cartoon illustration, BBC daytime TV graphics style circa early 2000s, clean outlines, soft shading, muted warm colour palette, friendly and readable, no realism, no photorealism, simple shapes, suitable for a 2D game, isolated object, transparent background, no text, no watermark. Subject: a single common retro 70s plate made of glazed ceramic, stoneware. Design: simple readable silhouette, slightly exaggerated features, charming imperfections. Condition: fair condition with visible wear. Framing: centered, no background scene, no props, no people.",assets/items/generated/it_goz0sl16.png
it_7zm797pb,Victorian Paper Poster,art,poster,Victorian,1897,"['paper', 'canvas']",0.75,0.11,47,"flat cartoon illustration, BBC daytime TV graphics style circa early 2000s, clean outlines, soft shading, muted warm colour palette, friendly and readable, no realism, no photorealism, simple shapes, suitable for a 2D game, isolated object, transparent background, no text, no watermark. Subject: a single common victorian poster made of paper, canvas. Design: simple readable silhouette, slightly exaggerated features, charming imperfections. Condition: good condition with minor wear. Framing: centered, no background scene, no props, no people.",assets/items/generated/it_7zm797pb.png
it_66c8l7vn,Edwardian Steel Oil Can,tools,oil can,Edwardian,1901,"['steel', 'wood']",0.78,0.01,38,"flat cartoon illustration, BBC daytime TV graphics style circa early 2000s, clean outlines, soft shading, muted warm colour palette, friendly and readable, no realism, no photorealism, simple shapes, suitable for a 2D game, isolated object, transparent background, no text, no watermark. Subject: a single common edwardian oil can made of steel, wood. Design: simple readable silhouette, slightly exaggerated features, charming imperfections. Condition: good condition with minor wear. Framing: centered, no background scene, no props, no people.",assets/items/generated/it_66c8l7vn.png
it_6ydiq23i,Victorian Iron Wall Shelf,furniture,wall shelf,Victorian,1847,"['iron', 'wood']",0.72,0.09,127,"flat cartoon illustration, BBC daytime TV graphics style circa early 2000s, clean outlines, soft shading, muted warm colour palette, friendly and readable, no realism, no photorealism, simple shapes, suitable for a 2D game, isolated object, transparent background, no text, no watermark. Subject: a single common victorian wall shelf made of iron, wood. Design: simple readable silhouette, slightly exaggerated features, charming imperfections. Condition: good condition with minor wear. Framing: centered, no background scene, no props, no people.",assets/items/generated/it_6ydiq23i.png
it_nupqsapb,Vintage 80s Wood Tin Robot,toys,tin robot,Vintage 80s,1985,"['wood', 'tin']",0.59,0.0,51,"flat cartoon illustration, BBC daytime TV graphics style circa early 2000s, clean outlines, soft shading, muted warm colour palette, friendly and readable, no realism, no photorealism, simple shapes, suitable for a 2D game, isolated object, transparent background, no text, no watermark. Subject: a single common vintage 80s tin robot made of wood, tin. Design: simple readable silhouette, slightly exaggerated features, charming imperfections. Condition: fair condition with visible wear. Framing: centered, no background scene, no props, no people.",assets/items/generated/it_nupqsapb.png
it_4qj5tw6j,Victorian Glass Amber Vase,glassware,amber vase,Victorian,1880,"['glass', 'amber glass']",0.79,0.12,48,"flat cartoon illustration, BBC daytime TV graphics style circa early 2000s, clean outlines, soft shading, muted warm colour palette, friendly and readable, no realism, no photorealism, simple shapes, suitable for a 2D game, isolated object, transparent background, no text, no watermark. Subject: a single common victorian amber vase made of glass, amber glass. Design: simple readable silhouette, slightly exaggerated features, charming imperfections. Condition: good condition with minor wear. Framing: centered, no background scene, no props, no people.",assets/items/generated/it_4qj5tw6j.png
it_f30tsa82,Georgian Lace Lace Table Runner,textiles,lace table runner,Georgian,1808,"['lace', 'cotton']",0.75,0.0,20,"flat cartoon illustration, BBC daytime TV graphics style circa early 2000s, clean outlines, soft shading, muted warm colour palette, friendly and readable, no realism, no photorealism, simple shapes, suitable for a 2D game, isolated object, transparent background, no text, no watermark. Subject: a single common georgian lace table runner made of lace, cotton. Design: simple readable silhouette, slightly exaggerated features, charming imperfections. Condition: good condition with minor wear. Framing: centered, no background scene, no props, no people.",assets/items/generated/it_f30tsa82.png
it_8zdunomb,Art Deco Steel Brass Compass,tools,brass compass,Art Deco,1938,"['steel', 'wood']",0.55,0.05,55,"flat cartoon illustration, BBC daytime TV graphics style circa early 2000s, clean outlines, soft shading, muted warm colour palette, friendly and readable, no realism, no photorealism, simple shapes, suitable for a 2D game, isolated object, transparent background, no text, no watermark. Subject: a single common art deco brass compass made of steel, wood. Design: simple readable silhouette, slightly exaggerated features, charming imperfections. Condition: fair condition with visible wear. Framing: centered, no background scene, no props, no people.",assets/items/generated/it_8zdunomb.png
it_0lijneoa,Edwardian Glazed Ceramic Teapot,ceramics,teapot,Edwardian,1910,"['glazed ceramic', 'stoneware']",0.46,0.07,80,"flat cartoon illustration, BBC daytime TV graphics style circa early 2000s, clean outlines, soft shading, muted warm colour palette, friendly and readable, no realism, no photorealism, simple shapes, suitable for a 2D game, isolated object, transparent background, no text, no watermark. Subject: a single common edwardian teapot made of glazed ceramic, stoneware. Design: simple readable silhouette, slightly exaggerated features, charming imperfections. Condition: poor condition, noticeable damage and wear. Framing: centered, no background scene, no props, no people.",assets/items/generated/it_0lijneoa.png
it_5nw4tnmz,Georgian Wood Oil Can,tools,oil can,Georgian,1774,"['wood', 'brass']",0.66,0.56,164,"flat cartoon illustration, BBC daytime TV graphics style circa early 2000s, clean outlines, soft shading, muted warm colour palette, friendly and readable, no realism, no photorealism, simple shapes, suitable for a 2D game, isolated object, transparent background, no text, no watermark. Subject: a single uncommon georgian oil can made of wood, brass. Design: simple readable silhouette, slightly exaggerated features, charming imperfections. Condition: fair condition with visible wear. Framing: centered, no background scene, no props, no people.",assets/items/generated/it_5nw4tnmz.png
it_2z99k1dw,Mid-century Glass Perfume Bottle,glassware,perfume bottle,Mid-century,1955,"['glass', 'amber glass']",0.36,0.43,227,"flat cartoon illustration, BBC daytime TV graphics style circa early 2000s, clean outlines, soft shading, muted warm colour palette, friendly and readable, no realism, no photorealism, simple shapes, suitable for a 2D game, isolated object, transparent background, no text, no watermark. Subject: a single common mid-century perfume bottle made of glass, amber glass. Design: simple readable silhouette, slightly exaggerated features, charming imperfections. Condition: poor condition, noticeable damage and wear. Framing: centered, no background scene, no props, no people.",assets/items/generated/it_2z99k1dw.png
it_b6odw8fe,Edwardian Brass Measuring Calipers,tools,measuring calipers,Edwardian,1906,"['brass', 'iron']",0.67,0.0,64,"flat cartoon illustration, BBC daytime TV graphics style circa early 2000s, clean outlines, soft shading, muted warm colour palette, friendly and readable, no realism, no photorealism, simple shapes, suitable for a 2D game, isolated object, transparent background, no text, no watermark. Subject: a single common edwardian measuring calipers made of brass, iron. Design: simple readable silhouette, slightly exaggerated features, charming imperfections. Condition: fair condition with visible wear. Framing: centered, no background scene, no props, no people.",assets/items/generated/it_b6odw8fe.png
it_vx7lxk0o,Art Deco Ceramic Picture Frame,decor,picture frame,Art Deco,1922,"['ceramic', 'glass']",0.61,0.76,156,"flat cartoon illustration, BBC daytime TV graphics style circa early 2000s, clean outlines, soft shading, muted warm colour palette, friendly and readable, no realism, no photorealism, simple shapes, suitable for a 2D game, isolated object, transparent background, no text, no watermark. Subject: a single rare art deco picture frame made of ceramic, glass. Design: simple readable silhouette, slightly exaggerated features, charming imperfections. Condition: fair condition with visible wear. Framing: centered, no background scene, no props, no people.",assets/items/generated/it_vx7lxk0o.png
it_lez7fcor,Retro 70s Glass Picture Frame,decor,picture frame,Retro 70s,1972,"['glass', 'wood']",0.43,0.01,81,"flat cartoon illustration, BBC daytime TV graphics style circa early 2000s, clean outlines, soft shading, muted warm colour palette, friendly and readable, no realism, no photorealism, simple shapes, suitable for a 2D game, isolated object, transparent background, no text, no watermark. Subject: a single common retro 70s picture frame made of glass, wood. Design: simple readable silhouette, slightly exaggerated features, charming imperfections. Condition: poor condition, noticeable damage and wear. Framing: centered, no background scene, no props, no people.",assets/items/generated/it_lez7fcor.png
it_5009p1zp,Art Deco Ceramic Table Lamp,decor,table lamp,Art Deco,1922,"['ceramic', 'brass']",1.0,0.09,114,"flat cartoon illustration, BBC daytime TV graphics style circa early 2000s, clean outlines, soft shading, muted warm colour palette, friendly and readable, no realism, no photorealism, simple shapes, suitable for a 2D game, isolated object, transparent background, no text, no watermark. Subject: a single common art deco table lamp made of ceramic, brass. Design: simple readable silhouette, slightly exaggerated features, charming imperfections. Condition: excellent condition. Framing: centered, no background scene, no props, no people.",assets/items/generated/it_5009p1zp.png
it_atsr9dn9,Art Deco Glass Carriage Clock,clocks,carriage clock,Art Deco,1929,"['glass', 'bakelite']",0.87,0.05,124,"flat cartoon illustration, BBC daytime TV graphics style circa early 2000s, clean outlines, soft shading, muted warm colour palette, friendly and readable, no realism, no photorealism, simple shapes, suitable for a 2D game, isolated object, transparent background, no text, no watermark. Subject: a single common art deco carriage clock made of glass, bakelite. Design: simple readable silhouette, slightly exaggerated features, charming imperfections. Condition: excellent condition. Framing: centered, no background scene, no props, no people.",assets/items/generated/it_atsr9dn9.png
it_0wq537pg,Georgian Amber Glass Decanter,glassware,decanter,Georgian,1717,"['amber glass', 'glass']",0.68,0.06,77,"flat cartoon illustration, BBC daytime TV graphics style circa early 2000s, clean outlines, soft shading, muted warm colour palette, friendly and readable, no realism, no photorealism, simple shapes, suitable for a 2D game, isolated object, transparent background, no text, no watermark. Subject: a single common georgian decanter made of amber glass, glass. Design: simple readable silhouette, slightly exaggerated features, charming imperfections. Condition: fair condition with visible wear. Framing: centered, no background scene, no props, no people.",assets/items/generated/it_0wq537pg.png
it_lk9dhv1o,Retro 70s Wood Wall Clock,clocks,wall clock,Retro 70s,1970,"['wood', 'bakelite']",0.64,0.54,38,"flat cartoon illustration, BBC daytime TV graphics style circa early 2000s, clean outlines, soft shading, muted warm colour palette, friendly and readable, no realism, no photorealism, simple shapes, suitable for a 2D game, isolated object, transparent background, no text, no watermark. Subject: a single uncommon retro 70s wall clock made of wood, bakelite. Design: simple readable silhouette, slightly exaggerated features, charming imperfections. Condition: fair condition with visible wear. Framing: centered, no background scene, no props, no people.",assets/items/generated/it_lk9dhv1o.png
it_yp7fkomh,Victorian Leather Sheet Music Booklet,books,sheet music booklet,Victorian,1847,"['leather', 'paper']",0.62,0.37,57,"flat cartoon illustration, BBC daytime TV graphics style circa early 2000s, clean outlines, soft shading, muted warm colour palette, friendly and readable, no realism, no photorealism, simple shapes, suitable for a 2D game, isolated object, transparent background, no text, no watermark. Subject: a single common victorian sheet music booklet made of leather, paper. Design: simple readable silhouette, slightly exaggerated features, charming imperfections. Condition: fair condition with visible wear. Framing: centered, no background scene, no props, no people.",assets/items/generated/it_yp7fkomh.png
it_v9o86i45,Art Deco Iron Side Table,furniture,side table,Art Deco,1928,"['iron', 'brass']",1.0,0.15,75,"flat cartoon illustration, BBC daytime TV graphics style circa early 2000s, clean outlines, soft shading, muted warm colour palette, friendly and readable, no realism, no photorealism, simple shapes, suitable for a 2D game, isolated object, transparent background, no text, no watermark. Subject: a single common art deco side table made of iron, brass. Design: simple readable silhouette, slightly exaggerated features, charming imperfections. Condition: excellent condition. Framing: centered, no background scene, no props, no people.",assets/items/generated/it_v9o86i45.png
